Workbook

Sheet 테마비교
A1: 지면 | F1: whiteRedNo | I1: blackGoldNo | L1: magazine | O1: mcnal | R1: 합계
A2: TAG ID | B2: 사이즈 | C2: 구분 | D2: 매체 | E2: 테마 수 | F2: 노출수 | G2: 클릭수 | H2: 클릭률 | I2: 노출수 | J2: 클릭수 | K2: 클릭률 | L2: 노출수 | M2: 클릭수 | N2: 클릭률 | O2: 노출수 | P2: 클릭수 | Q2: 클릭률 | R2: 노출수 | S2: 클릭수 | T2: 클릭률
A3: web_theqoo.net_banner_1_N_v2 | B3: 728_90 | C3: web | D3: theqoo.net | E3: =COUNT(F3,I3,L3,O3) -> 4 | F3: 38396 | G3: 12 | H3: =IF(F3="","",G3/F3) -> 0.00031253256 | I3: 30446 | J3: 2 | K3: =IF(I3="","",J3/I3) -> 6.5690074e-05 | L3: 30220 | M3: 6 | N3: =IF(L3="","",M3/L3) -> 0.00019854401 | O3: 6382 | P3: 1 | Q3: =IF(O3="","",P3/O3) -> 0.00015669069 | R3: =SUM(F3,I3,L3,O3) -> 105444 | S3: =SUM(G3,J3,M3,P3) -> 21 | T3: =IF(R3=0,"",S3/R3) -> 0.00019915785
A4: web_theqoo.net_banner_1_N_v2 | B4: 160_600 | C4: web | D4: theqoo.net | E4: =COUNT(F4,I4,L4,O4) -> 4 | F4: 33966 | G4: 10 | H4: =IF(F4="","",G4/F4) -> 0.00029441206 | I4: 28256 | J4: 10 | K4: =IF(I4="","",J4/I4) -> 0.00035390713 | L4: 28494 | M4: 12 | N4: =IF(L4="","",M4/L4) -> 0.00042114129 | O4: 4751 | P4: 1 | Q4: =IF(O4="","",P4/O4) -> 0.000210482 | R4: =SUM(F4,I4,L4,O4) -> 95467 | S4: =SUM(G4,J4,M4,P4) -> 33 | T4: =IF(R4=0,"",S4/R4) -> 0.00034566918
A5: web_theqoo.net_banner_1_N_v2 | B5: 120_600 | C5: web | D5: theqoo.net | E5: =COUNT(F5,I5,L5,O5) -> 4 | F5: 31128 | G5: 8 | H5: =IF(F5="","",G5/F5) -> 0.00025700334 | I5: 25665 | J5: 7 | K5: =IF(I5="","",J5/I5) -> 0.00027274498 | L5: 25782 | M5: 19 | N5: =IF(L5="","",M5/L5) -> 0.00073694826 | O5: 4131 | P5: 3 | Q5: =IF(O5="","",P5/O5) -> 0.00072621641 | R5: =SUM(F5,I5,L5,O5) -> 86706 | S5: =SUM(G5,J5,M5,P5) -> 37 | T5: =IF(R5=0,"",S5/R5) -> 0.00042672941
A6: mob_imbc.com_banner_5_N_v2 | B6: 320_50 | C6: mob | D6: imbc.com | E6: =COUNT(F6,I6,L6,O6) -> 4 | F6: 29697 | G6: 0 | H6: =IF(F6="","",G6/F6) -> 0 | I6: 24365 | J6: 0 | K6: =IF(I6="","",J6/I6) -> 0 | L6: 24107 | M6: 0 | N6: =IF(L6="","",M6/L6) -> 0 | O6: 8360 | P6: 0 | Q6: =IF(O6="","",P6/O6) -> 0 | R6: =SUM(F6,I6,L6,O6) -> 86529 | S6: =SUM(G6,J6,M6,P6) -> 0 | T6: =IF(R6=0,"",S6/R6) -> 0
A7: web_daum.net_banner_3_N_v2 | B7: 300_250 | C7: web | D7: daum.net | E7: =COUNT(F7,I7,L7,O7) -> 4 | F7: 26827 | G7: 0 | H7: =IF(F7="","",G7/F7) -> 0 | I7: 22559 | J7: 1 | K7: =IF(I7="","",J7/I7) -> 4.4328206e-05 | L7: 22193 | M7: 0 | N7: =IF(L7="","",M7/L7) -> 0 | O7: 5368 | P7: 0 | Q7: =IF(O7="","",P7/O7) -> 0 | R7: =SUM(F7,I7,L7,O7) -> 76947 | S7: =SUM(G7,J7,M7,P7) -> 1 | T7: =IF(R7=0,"",S7/R7) -> 1.2995958e-05
A8: web_daum.net_banner_3_N_v2 | B8: 728_90 | C8: web | D8: daum.net | E8: =COUNT(F8,I8,L8,O8) -> 4 | F8: 23222 | G8: 2 | H8: =IF(F8="","",G8/F8) -> 8.6125226e-05 | I8: 23035 | J8: 0 | K8: =IF(I8="","",J8/I8) -> 0 | L8: 23346 | M8: 1 | N8: =IF(L8="","",M8/L8) -> 4.283389e-05 | O8: 5044 | P8: 0 | Q8: =IF(O8="","",P8/O8) -> 0 | R8: =SUM(F8,I8,L8,O8) -> 74647 | S8: =SUM(G8,J8,M8,P8) -> 3 | T8: =IF(R8=0,"",S8/R8) -> 4.0189157e-05
A9: web_cafe.daum.net_banner_3_N_v2 | B9: 728_90 | C9: web | D9: cafe.daum.net | E9: =COUNT(F9,I9,L9,O9) -> 4 | F9: 24841 | G9: 10 | H9: =IF(F9="","",G9/F9) -> 0.00040256028 | I9: 18155 | J9: 6 | K9: =IF(I9="","",J9/I9) -> 0.00033048747 | L9: 18211 | M9: 13 | N9: =IF(L9="","",M9/L9) -> 0.00071385426 | O9: 3698 | P9: 1 | Q9: =IF(O9="","",P9/O9) -> 0.00027041644 | R9: =SUM(F9,I9,L9,O9) -> 64905 | S9: =SUM(G9,J9,M9,P9) -> 30 | T9: =IF(R9=0,"",S9/R9) -> 0.00046221401
A10: web_v.daum.net_banner_1_N_v2 | B10: 300_250 | C10: web | D10: v.daum.net | E10: =COUNT(F10,I10,L10,O10) -> 4 | F10: 22361 | G10: 11 | H10: =IF(F10="","",G10/F10) -> 0.00049192791 | I10: 16869 | J10: 23 | K10: =IF(I10="","",J10/I10) -> 0.0013634477 | L10: 16978 | M10: 37 | N10: =IF(L10="","",M10/L10) -> 0.0021792908 | O10: 2471 | P10: 2 | Q10: =IF(O10="","",P10/O10) -> 0.00080938891 | R10: =SUM(F10,I10,L10,O10) -> 58679 | S10: =SUM(G10,J10,M10,P10) -> 73 | T10: =IF(R10=0,"",S10/R10) -> 0.0012440566
A11: web_wisetoto.com_banner_3_N_v2 | B11: 728_90 | C11: web | D11: wisetoto.com | E11: =COUNT(F11,I11,L11,O11) -> 4 | F11: 11190 | G11: 4 | H11: =IF(F11="","",G11/F11) -> 0.00035746202 | I11: 8024 | J11: 0 | K11: =IF(I11="","",J11/I11) -> 0 | L11: 8164 | M11: 2 | N11: =IF(L11="","",M11/L11) -> 0.00024497795 | O11: 2645 | P11: 0 | Q11: =IF(O11="","",P11/O11) -> 0 | R11: =SUM(F11,I11,L11,O11) -> 30023 | S11: =SUM(G11,J11,M11,P11) -> 6 | T11: =IF(R11=0,"",S11/R11) -> 0.00019984678
A12: web_inven.co.kr_banner_0_N_v2 | B12: 200_200 | C12: web | D12: inven.co.kr | E12: =COUNT(F12,I12,L12,O12) -> 4 | F12: 9030 | G12: 1 | H12: =IF(F12="","",G12/F12) -> 0.00011074197 | I12: 7190 | J12: 1 | K12: =IF(I12="","",J12/I12) -> 0.00013908206 | L12: 7201 | M12: 1 | N12: =IF(L12="","",M12/L12) -> 0.0001388696 | O12: 2163 | P12: 0 | Q12: =IF(O12="","",P12/O12) -> 0 | R12: =SUM(F12,I12,L12,O12) -> 25584 | S12: =SUM(G12,J12,M12,P12) -> 3 | T12: =IF(R12=0,"",S12/R12) -> 0.00011726079
A13: web_theqoo.net_banner_3_N_v2 | B13: 160_600 | C13: web | D13: theqoo.net | E13: =COUNT(F13,I13,L13,O13) -> 4 | F13: 8458 | G13: 0 | H13: =IF(F13="","",G13/F13) -> 0 | I13: 7062 | J13: 0 | K13: =IF(I13="","",J13/I13) -> 0 | L13: 7119 | M13: 0 | N13: =IF(L13="","",M13/L13) -> 0 | O13: 1250 | P13: 0 | Q13: =IF(O13="","",P13/O13) -> 0 | R13: =SUM(F13,I13,L13,O13) -> 23889 | S13: =SUM(G13,J13,M13,P13) -> 0 | T13: =IF(R13=0,"",S13/R13) -> 0
A14: web_nate.com_banner_1_N_v2 | B14: 320_100 | C14: web | D14: nate.com | E14: =COUNT(F14,I14,L14,O14) -> 4 | F14: 8412 | G14: 1 | H14: =IF(F14="","",G14/F14) -> 0.00011887779 | I14: 6600 | J14: 1 | K14: =IF(I14="","",J14/I14) -> 0.00015151515 | L14: 6698 | M14: 3 | N14: =IF(L14="","",M14/L14) -> 0.00044789489 | O14: 1028 | P14: 1 | Q14: =IF(O14="","",P14/O14) -> 0.00097276265 | R14: =SUM(F14,I14,L14,O14) -> 22738 | S14: =SUM(G14,J14,M14,P14) -> 6 | T14: =IF(R14=0,"",S14/R14) -> 0.00026387545
... A119: mob_inven.co.kr_banner_0_N_v2 | B119: 320_50 | C119: mob | D119: inven.co.kr | E119: =COUNT(F119,I119,L119,O119) -> 4 | F119: 690 | G119: 1 | H119: =IF(F119="","",G119/F119) -> 0.0014492754 | I119: 530 | J119: 1 | K119: =IF(I119="","",J119/I119) -> 0.0018867925 | L119: 511 | M119: 0 | N119: =IF(L119="","",M119/L119) -> 0 | O119: 138 | P119: 0 | Q119: =IF(O119="","",P119/O119) -> 0 | R119: =SUM(F119,I119,L119,O119) -> 1869 | S119: =SUM(G119,J119,M119,P119) -> 2 | T119: =IF(R119=0,"",S119/R119) -> 0.001070091
A120: web_82cook.com_banner_1_N_v2 | B120: 468_60 | C120: web | D120: 82cook.com | E120: =COUNT(F120,I120,L120,O120) -> 2 | H120: =IF(F120="","",G120/F120) | K120: =IF(I120="","",J120/I120) | L120: 1634 | M120: 0 | N120: =IF(L120="","",M120/L120) -> 0 | O120: 225 | P120: 0 | Q120: =IF(O120="","",P120/O120) -> 0 | R120: =SUM(F120,I120,L120,O120) -> 1859 | S120: =SUM(G120,J120,M120,P120) -> 0 | T120: =IF(R120=0,"",S120/R120) -> 0
A121: web_dmitory.com_banner_3_N_v2 | B121: 160_600 | C121: web | D121: dmitory.com | E121: =COUNT(F121,I121,L121,O121) -> 4 | F121: 605 | G121: 0 | H121: =IF(F121="","",G121/F121) -> 0 | I121: 527 | J121: 0 | K121: =IF(I121="","",J121/I121) -> 0 | L121: 545 | M121: 0 | N121: =IF(L121="","",M121/L121) -> 0 | O121: 136 | P121: 0 | Q121: =IF(O121="","",P121/O121) -> 0 | R121: =SUM(F121,I121,L121,O121) -> 1813 | S121: =SUM(G121,J121,M121,P121) -> 0 | T121: =IF(R121=0,"",S121/R121) -> 0
A122: mob_damoang.net_banner_3_N_v2 | B122: 320_50 | C122: mob | D122: damoang.net | E122: =COUNT(F122,I122,L122,O122) -> 4 | F122: 589 | G122: 0 | H122: =IF(F122="","",G122/F122) -> 0 | I122: 535 | J122: 0 | K122: =IF(I122="","",J122/I122) -> 0 | L122: 524 | M122: 0 | N122: =IF(L122="","",M122/L122) -> 0 | O122: 163 | P122: 0 | Q122: =IF(O122="","",P122/O122) -> 0 | R122: =SUM(F122,I122,L122,O122) -> 1811 | S122: =SUM(G122,J122,M122,P122) -> 0 | T122: =IF(R122=0,"",S122/R122) -> 0
A123: web_v.daum.net_banner_3_N_v2 | B123: 300_250 | C123: web | D123: v.daum.net | E123: =COUNT(F123,I123,L123,O123) -> 4 | F123: 707 | G123: 0 | H123: =IF(F123="","",G123/F123) -> 0 | I123: 498 | J123: 0 | K123: =IF(I123="","",J123/I123) -> 0 | L123: 516 | M123: 3 | N123: =IF(L123="","",M123/L123) -> 0.0058139535 | O123: 89 | P123: 0 | Q123: =IF(O123="","",P123/O123) -> 0 | R123: =SUM(F123,I123,L123,O123) -> 1810 | S123: =SUM(G123,J123,M123,P123) -> 3 | T123: =IF(R123=0,"",S123/R123) -> 0.0016574586
A124: web_dvdprime.com_banner_6_N_v2 | B124: 300_600 | C124: web | D124: dvdprime.com | E124: =COUNT(F124,I124,L124,O124) -> 4 | F124: 621 | G124: 0 | H124: =IF(F124="","",G124/F124) -> 0 | I124: 524 | J124: 1 | K124: =IF(I124="","",J124/I124) -> 0.0019083969 | L124: 485 | M124: 3 | N124: =IF(L124="","",M124/L124) -> 0.006185567 | O124: 128 | P124: 0 | Q124: =IF(O124="","",P124/O124) -> 0 | R124: =SUM(F124,I124,L124,O124) -> 1758 | S124: =SUM(G124,J124,M124,P124) -> 4 | T124: =IF(R124=0,"",S124/R124) -> 0.0022753129
A125: web_dogdrip.net_banner_3_N_v2 | B125: 160_600 | C125: web | D125: dogdrip.net | E125: =COUNT(F125,I125,L125,O125) -> 4 | F125: 642 | G125: 0 | H125: =IF(F125="","",G125/F125) -> 0 | I125: 510 | J125: 1 | K125: =IF(I125="","",J125/I125) -> 0.0019607843 | L125: 496 | M125: 0 | N125: =IF(L125="","",M125/L125) -> 0 | O125: 93 | P125: 0 | Q125: =IF(O125="","",P125/O125) -> 0 | R125: =SUM(F125,I125,L125,O125) -> 1741 | S125: =SUM(G125,J125,M125,P125) -> 1 | T125: =IF(R125=0,"",S125/R125) -> 0.00057438254
A126: web_dogdrip.net_banner_3_N_v2 | B126: 120_600 | C126: web | D126: dogdrip.net | E126: =COUNT(F126,I126,L126,O126) -> 4 | F126: 662 | G126: 0 | H126: =IF(F126="","",G126/F126) -> 0 | I126: 495 | J126: 0 | K126: =IF(I126="","",J126/I126) -> 0 | L126: 479 | M126: 1 | N126: =IF(L126="","",M126/L126) -> 0.0020876827 | O126: 93 | P126: 0 | Q126: =IF(O126="","",P126/O126) -> 0 | R126: =SUM(F126,I126,L126,O126) -> 1729 | S126: =SUM(G126,J126,M126,P126) -> 1 | T126: =IF(R126=0,"",S126/R126) -> 0.000578369
A127: mob_inven.co.kr_banner_0_N_v2 | B127: 300_50 | C127: mob | D127: inven.co.kr | E127: =COUNT(F127,I127,L127,O127) -> 4 | F127: 597 | G127: 0 | H127: =IF(F127="","",G127/F127) -> 0 | I127: 458 | J127: 0 | K127: =IF(I127="","",J127/I127) -> 0 | L127: 539 | M127: 0 | N127: =IF(L127="","",M127/L127) -> 0 | O127: 116 | P127: 0 | Q127: =IF(O127="","",P127/O127) -> 0 | R127: =SUM(F127,I127,L127,O127) -> 1710 | S127: =SUM(G127,J127,M127,P127) -> 0 | T127: =IF(R127=0,"",S127/R127) -> 0
A128: mob_damoang.net_banner_3_N_v2 | B128: 320_100 | C128: mob | D128: damoang.net | E128: =COUNT(F128,I128,L128,O128) -> 4 | F128: 570 | G128: 0 | H128: =IF(F128="","",G128/F128) -> 0 | I128: 483 | J128: 2 | K128: =IF(I128="","",J128/I128) -> 0.0041407867 | L128: 482 | M128: 0 | N128: =IF(L128="","",M128/L128) -> 0 | O128: 174 | P128: 0 | Q128: =IF(O128="","",P128/O128) -> 0 | R128: =SUM(F128,I128,L128,O128) -> 1709 | S128: =SUM(G128,J128,M128,P128) -> 2 | T128: =IF(R128=0,"",S128/R128) -> 0.001170275
A129: web_itssa.co.kr_banner_1_N_v2 | B129: 200_200 | C129: web | D129: itssa.co.kr | E129: =COUNT(F129,I129,L129,O129) -> 4 | F129: 611 | G129: 2 | H129: =IF(F129="","",G129/F129) -> 0.0032733224 | I129: 473 | J129: 0 | K129: =IF(I129="","",J129/I129) -> 0 | L129: 497 | M129: 0 | N129: =IF(L129="","",M129/L129) -> 0 | O129: 109 | P129: 0 | Q129: =IF(O129="","",P129/O129) -> 0 | R129: =SUM(F129,I129,L129,O129) -> 1690 | S129: =SUM(G129,J129,M129,P129) -> 2 | T129: =IF(R129=0,"",S129/R129) -> 0.001183432
A130: web_asiae.co.kr_banner_0_N_v2 | B130: 300_250 | C130: web | D130: asiae.co.kr | E130: =COUNT(F130,I130,L130,O130) -> 4 | F130: 583 | G130: 0 | H130: =IF(F130="","",G130/F130) -> 0 | I130: 532 | J130: 2 | K130: =IF(I130="","",J130/I130) -> 0.0037593985 | L130: 498 | M130: 0 | N130: =IF(L130="","",M130/L130) -> 0 | O130: 69 | P130: 1 | Q130: =IF(O130="","",P130/O130) -> 0.014492754 | R130: =SUM(F130,I130,L130,O130) -> 1682 | S130: =SUM(G130,J130,M130,P130) -> 3 | T130: =IF(R130=0,"",S130/R130) -> 0.001783591
A131: mob_ppomppu.co.kr_banner_1_N_v2 | B131: 336_280 | C131: mob | D131: ppomppu.co.kr | E131: =COUNT(F131,I131,L131,O131) -> 4 | F131: 574 | G131: 2 | H131: =IF(F131="","",G131/F131) -> 0.0034843206 | I131: 477 | J131: 1 | K131: =IF(I131="","",J131/I131) -> 0.0020964361 | L131: 518 | M131: 0 | N131: =IF(L131="","",M131/L131) -> 0 | O131: 106 | P131: 0 | Q131: =IF(O131="","",P131/O131) -> 0 | R131: =SUM(F131,I131,L131,O131) -> 1675 | S131: =SUM(G131,J131,M131,P131) -> 3 | T131: =IF(R131=0,"",S131/R131) -> 0.0017910448
A132: mob_khan.co.kr_banner_0_N_v2 | B132: 320_100 | C132: mob | D132: khan.co.kr | E132: =COUNT(F132,I132,L132,O132) -> 4 | F132: 611 | G132: 0 | H132: =IF(F132="","",G132/F132) -> 0 | I132: 447 | J132: 0 | K132: =IF(I132="","",J132/I132) -> 0 | L132: 483 | M132: 0 | N132: =IF(L132="","",M132/L132) -> 0 | O132: 115 | P132: 0 | Q132: =IF(O132="","",P132/O132) -> 0 | R132: =SUM(F132,I132,L132,O132) -> 1656 | S132: =SUM(G132,J132,M132,P132) -> 0 | T132: =IF(R132=0,"",S132/R132) -> 0
... A249: web_meaegi.com_banner_1_N_v2 | B249: 728_90 | C249: web | D249: meaegi.com | E249: =COUNT(F249,I249,L249,O249) -> 4 | F249: 209 | G249: 0 | H249: =IF(F249="","",G249/F249) -> 0 | I249: 117 | J249: 0 | K249: =IF(I249="","",J249/I249) -> 0 | L249: 130 | M249: 0 | N249: =IF(L249="","",M249/L249) -> 0 | O249: 75 | P249: 0 | Q249: =IF(O249="","",P249/O249) -> 0 | R249: =SUM(F249,I249,L249,O249) -> 531 | S249: =SUM(G249,J249,M249,P249) -> 0 | T249: =IF(R249=0,"",S249/R249) -> 0
A250: web_onlinealarmkur.com_banner_6_N_v2 | B250: 300_600 | C250: web | D250: onlinealarmkur.com | E250: =COUNT(F250,I250,L250,O250) -> 3 | F250: 176 | G250: 0 | H250: =IF(F250="","",G250/F250) -> 0 | I250: 172 | J250: 0 | K250: =IF(I250="","",J250/I250) -> 0 | L250: 163 | M250: 0 | N250: =IF(L250="","",M250/L250) -> 0 | Q250: =IF(O250="","",P250/O250) | R250: =SUM(F250,I250,L250,O250) -> 511 | S250: =SUM(G250,J250,M250,P250) -> 0 | T250: =IF(R250=0,"",S250/R250) -> 0
A251: web_ytn.co.kr_banner_0_N_v2 | B251: 300_250 | C251: web | D251: ytn.co.kr | E251: =COUNT(F251,I251,L251,O251) -> 4 | F251: 173 | G251: 0 | H251: =IF(F251="","",G251/F251) -> 0 | I251: 156 | J251: 1 | K251: =IF(I251="","",J251/I251) -> 0.0064102564 | L251: 152 | M251: 0 | N251: =IF(L251="","",M251/L251) -> 0 | O251: 25 | P251: 0 | Q251: =IF(O251="","",P251/O251) -> 0 | R251: =SUM(F251,I251,L251,O251) -> 506 | S251: =SUM(G251,J251,M251,P251) -> 1 | T251: =IF(R251=0,"",S251/R251) -> 0.0019762846
A252: web_comcbt.com_banner_1_N_v2 | B252: 728_90 | C252: web | D252: comcbt.com | E252: =COUNT(F252,I252,L252,O252) -> 4 | F252: 157 | G252: 0 | H252: =IF(F252="","",G252/F252) -> 0 | I252: 152 | J252: 0 | K252: =IF(I252="","",J252/I252) -> 0 | L252: 121 | M252: 0 | N252: =IF(L252="","",M252/L252) -> 0 | O252: 75 | P252: 0 | Q252: =IF(O252="","",P252/O252) -> 0 | R252: =SUM(F252,I252,L252,O252) -> 505 | S252: =SUM(G252,J252,M252,P252) -> 0 | T252: =IF(R252=0,"",S252/R252) -> 0
A253: web_ppomppu.co.kr_banner_1_N_v2 | B253: 250_250 | C253: web | D253: ppomppu.co.kr | E253: =COUNT(F253,I253,L253,O253) -> 4 | F253: 165 | G253: 0 | H253: =IF(F253="","",G253/F253) -> 0 | I253: 157 | J253: 0 | K253: =IF(I253="","",J253/I253) -> 0 | L253: 152 | M253: 0 | N253: =IF(L253="","",M253/L253) -> 0 | O253: 31 | P253: 0 | Q253: =IF(O253="","",P253/O253) -> 0 | R253: =SUM(F253,I253,L253,O253) -> 505 | S253: =SUM(G253,J253,M253,P253) -> 0 | T253: =IF(R253=0,"",S253/R253) -> 0
A254: mob_hankyung.com_banner_3_N_v2 | B254: 250_250 | C254: mob | D254: hankyung.com | E254: =COUNT(F254,I254,L254,O254) -> 4 | F254: 169 | G254: 0 | H254: =IF(F254="","",G254/F254) -> 0 | I254: 131 | J254: 0 | K254: =IF(I254="","",J254/I254) -> 0 | L254: 161 | M254: 0 | N254: =IF(L254="","",M254/L254) -> 0 | O254: 40 | P254: 0 | Q254: =IF(O254="","",P254/O254) -> 0 | R254: =SUM(F254,I254,L254,O254) -> 501 | S254: =SUM(G254,J254,M254,P254) -> 0 | T254: =IF(R254=0,"",S254/R254) -> 0
A255: web_sports.khan.co.kr_banner_0_N_v2 | B255: 300_250 | C255: web | D255: sports.khan.co.kr | E255: =COUNT(F255,I255,L255,O255) -> 4 | F255: 178 | G255: 0 | H255: =IF(F255="","",G255/F255) -> 0 | I255: 136 | J255: 0 | K255: =IF(I255="","",J255/I255) -> 0 | L255: 141 | M255: 0 | N255: =IF(L255="","",M255/L255) -> 0 | O255: 44 | P255: 0 | Q255: =IF(O255="","",P255/O255) -> 0 | R255: =SUM(F255,I255,L255,O255) -> 499 | S255: =SUM(G255,J255,M255,P255) -> 0 | T255: =IF(R255=0,"",S255/R255) -> 0
A256: web_cafe.daum.net_banner_3_N_v2 | B256: 970_250 | C256: web | D256: cafe.daum.net | E256: =COUNT(F256,I256,L256,O256) -> 4 | F256: 172 | G256: 0 | H256: =IF(F256="","",G256/F256) -> 0 | I256: 161 | J256: 0 | K256: =IF(I256="","",J256/I256) -> 0 | L256: 143 | M256: 0 | N256: =IF(L256="","",M256/L256) -> 0 | O256: 21 | P256: 0 | Q256: =IF(O256="","",P256/O256) -> 0 | R256: =SUM(F256,I256,L256,O256) -> 497 | S256: =SUM(G256,J256,M256,P256) -> 0 | T256: =IF(R256=0,"",S256/R256) -> 0
A257: web_cafe.daum.net_banner_3_N_v2 | B257: 300_250 | C257: web | D257: cafe.daum.net | E257: =COUNT(F257,I257,L257,O257) -> 4 | F257: 155 | G257: 0 | H257: =IF(F257="","",G257/F257) -> 0 | I257: 121 | J257: 0 | K257: =IF(I257="","",J257/I257) -> 0 | L257: 128 | M257: 0 | N257: =IF(L257="","",M257/L257) -> 0 | O257: 90 | P257: 0 | Q257: =IF(O257="","",P257/O257) -> 0 | R257: =SUM(F257,I257,L257,O257) -> 494 | S257: =SUM(G257,J257,M257,P257) -> 0 | T257: =IF(R257=0,"",S257/R257) -> 0
A258: web_lol.ps_banner_1_N_v2 | B258: 160_600 | C258: web | D258: lol.ps | E258: =COUNT(F258,I258,L258,O258) -> 4 | F258: 155 | G258: 1 | H258: =IF(F258="","",G258/F258) -> 0.0064516129 | I258: 135 | J258: 0 | K258: =IF(I258="","",J258/I258) -> 0 | L258: 118 | M258: 0 | N258: =IF(L258="","",M258/L258) -> 0 | O258: 80 | P258: 0 | Q258: =IF(O258="","",P258/O258) -> 0 | R258: =SUM(F258,I258,L258,O258) -> 488 | S258: =SUM(G258,J258,M258,P258) -> 1 | T258: =IF(R258=0,"",S258/R258) -> 0.0020491803
A259: web_mt.co.kr_banner_0_N_v2 | B259: 160_600 | C259: web | D259: mt.co.kr | E259: =COUNT(F259,I259,L259,O259) -> 4 | F259: 182 | G259: 0 | H259: =IF(F259="","",G259/F259) -> 0 | I259: 144 | J259: 0 | K259: =IF(I259="","",J259/I259) -> 0 | L259: 136 | M259: 0 | N259: =IF(L259="","",M259/L259) -> 0 | O259: 25 | P259: 0 | Q259: =IF(O259="","",P259/O259) -> 0 | R259: =SUM(F259,I259,L259,O259) -> 487 | S259: =SUM(G259,J259,M259,P259) -> 0 | T259: =IF(R259=0,"",S259/R259) -> 0
A260: web_onlinealarmkur.com_banner_1_N_v2 | B260: 728_90 | C260: web | D260: onlinealarmkur.com | E260: =COUNT(F260,I260,L260,O260) -> 3 | F260: 156 | G260: 0 | H260: =IF(F260="","",G260/F260) -> 0 | I260: 159 | J260: 0 | K260: =IF(I260="","",J260/I260) -> 0 | L260: 168 | M260: 0 | N260: =IF(L260="","",M260/L260) -> 0 | Q260: =IF(O260="","",P260/O260) | R260: =SUM(F260,I260,L260,O260) -> 483 | S260: =SUM(G260,J260,M260,P260) -> 0 | T260: =IF(R260=0,"",S260/R260) -> 0
A261: web_sportsseoul.com_banner_0_N_v2 | B261: 320_50 | C261: web | D261: sportsseoul.com | E261: =COUNT(F261,I261,L261,O261) -> 4 | F261: 188 | G261: 0 | H261: =IF(F261="","",G261/F261) -> 0 | I261: 137 | J261: 0 | K261: =IF(I261="","",J261/I261) -> 0 | L261: 123 | M261: 0 | N261: =IF(L261="","",M261/L261) -> 0 | O261: 32 | P261: 0 | Q261: =IF(O261="","",P261/O261) -> 0 | R261: =SUM(F261,I261,L261,O261) -> 480 | S261: =SUM(G261,J261,M261,P261) -> 0 | T261: =IF(R261=0,"",S261/R261) -> 0
A262: web_dmitory.com_banner_1_N_v2 | B262: 970_250 | C262: web | D262: dmitory.com | E262: =COUNT(F262,I262,L262,O262) -> 4 | F262: 158 | G262: 1 | H262: =IF(F262="","",G262/F262) -> 0.0063291139 | I262: 147 | J262: 0 | K262: =IF(I262="","",J262/I262) -> 0 | L262: 144 | M262: 0 | N262: =IF(L262="","",M262/L262) -> 0 | O262: 30 | P262: 0 | Q262: =IF(O262="","",P262/O262) -> 0 | R262: =SUM(F262,I262,L262,O262) -> 479 | S262: =SUM(G262,J262,M262,P262) -> 1 | T262: =IF(R262=0,"",S262/R262) -> 0.0020876827
A263: web_munhwa.com_banner_3_N_v2 | B263: 160_600 | C263: web | D263: munhwa.com | E263: =COUNT(F263,I263,L263,O263) -> 4 | F263: 178 | G263: 0 | H263: =IF(F263="","",G263/F263) -> 0 | I263: 135 | J263: 0 | K263: =IF(I263="","",J263/I263) -> 0 | L263: 131 | M263: 1 | N263: =IF(L263="","",M263/L263) -> 0.0076335878 | O263: 35 | P263: 0 | Q263: =IF(O263="","",P263/O263) -> 0 | R263: =SUM(F263,I263,L263,O263) -> 479 | S263: =SUM(G263,J263,M263,P263) -> 1 | T263: =IF(R263=0,"",S263/R263) -> 0.0020876827
A264: web_inven.co.kr_banner_0_N_v2 | B264: 320_50 | C264: web | D264: inven.co.kr | E264: =COUNT(F264,I264,L264,O264) -> 4 | F264: 161 | G264: 0 | H264: =IF(F264="","",G264/F264) -> 0 | I264: 141 | J264: 0 | K264: =IF(I264="","",J264/I264) -> 0 | L264: 146 | M264: 0 | N264: =IF(L264="","",M264/L264) -> 0 | O264: 29 | P264: 0 | Q264: =IF(O264="","",P264/O264) -> 0 | R264: =SUM(F264,I264,L264,O264) -> 477 | S264: =SUM(G264,J264,M264,P264) -> 0 | T264: =IF(R264=0,"",S264/R264) -> 0
A265: mob_theqoo.net_banner_1_N_v2 | B265: 320_100 | C265: mob | D265: theqoo.net | E265: =COUNT(F265,I265,L265,O265) -> 4 | F265: 168 | G265: 0 | H265: =IF(F265="","",G265/F265) -> 0 | I265: 133 | J265: 1 | K265: =IF(I265="","",J265/I265) -> 0.007518797 | L265: 136 | M265: 0 | N265: =IF(L265="","",M265/L265) -> 0 | O265: 39 | P265: 0 | Q265: =IF(O265="","",P265/O265) -> 0 | R265: =SUM(F265,I265,L265,O265) -> 476 | S265: =SUM(G265,J265,M265,P265) -> 1 | T265: =IF(R265=0,"",S265/R265) -> 0.0021008403
A266: web_dvdprime.com_banner_1_N_v2 | B266: 120_600 | C266: web | D266: dvdprime.com | E266: =COUNT(F266,I266,L266,O266) -> 4 | F266: 182 | G266: 0 | H266: =IF(F266="","",G266/F266) -> 0 | I266: 133 | J266: 0 | K266: =IF(I266="","",J266/I266) -> 0 | L266: 114 | M266: 0 | N266: =IF(L266="","",M266/L266) -> 0 | O266: 46 | P266: 0 | Q266: =IF(O266="","",P266/O266) -> 0 | R266: =SUM(F266,I266,L266,O266) -> 475 | S266: =SUM(G266,J266,M266,P266) -> 0 | T266: =IF(R266=0,"",S266/R266) -> 0
A267: web_nikemania.com_banner_1_N_v2 | B267: 728_90 | C267: web | D267: nikemania.com | E267: =COUNT(F267,I267,L267,O267) -> 4 | F267: 162 | G267: 0 | H267: =IF(F267="","",G267/F267) -> 0 | I267: 151 | J267: 0 | K267: =IF(I267="","",J267/I267) -> 0 | L267: 134 | M267: 0 | N267: =IF(L267="","",M267/L267) -> 0 | O267: 14 | P267: 0 | Q267: =IF(O267="","",P267/O267) -> 0 | R267: =SUM(F267,I267,L267,O267) -> 461 | S267: =SUM(G267,J267,M267,P267) -> 0 | T267: =IF(R267=0,"",S267/R267) -> 0
A268: web_nocutnews.co.kr_banner_0_N_v2 | B268: 300_600 | C268: web | D268: nocutnews.co.kr | E268: =COUNT(F268,I268,L268,O268) -> 4 | F268: 179 | G268: 0 | H268: =IF(F268="","",G268/F268) -> 0 | I268: 133 | J268: 0 | K268: =IF(I268="","",J268/I268) -> 0 | L268: 126 | M268: 0 | N268: =IF(L268="","",M268/L268) -> 0 | O268: 22 | P268: 0 | Q268: =IF(O268="","",P268/O268) -> 0 | R268: =SUM(F268,I268,L268,O268) -> 460 | S268: =SUM(G268,J268,M268,P268) -> 0 | T268: =IF(R268=0,"",S268/R268) -> 0
A269: web_nate.com_banner_1_N_v2 | B269: 300_250 | C269: web | D269: nate.com | E269: =COUNT(F269,I269,L269,O269) -> 4 | F269: 167 | G269: 0 | H269: =IF(F269="","",G269/F269) -> 0 | I269: 129 | J269: 0 | K269: =IF(I269="","",J269/I269) -> 0 | L269: 137 | M269: 0 | N269: =IF(L269="","",M269/L269) -> 0 | O269: 19 | P269: 0 | Q269: =IF(O269="","",P269/O269) -> 0 | R269: =SUM(F269,I269,L269,O269) -> 452 | S269: =SUM(G269,J269,M269,P269) -> 0 | T269: =IF(R269=0,"",S269/R269) -> 0
A270: mob_chosun.com_banner_3_N_v2 | B270: 300_250 | C270: mob | D270: chosun.com | E270: =COUNT(F270,I270,L270,O270) -> 4 | F270: 154 | G270: 0 | H270: =IF(F270="","",G270/F270) -> 0 | I270: 122 | J270: 0 | K270: =IF(I270="","",J270/I270) -> 0 | L270: 139 | M270: 0 | N270: =IF(L270="","",M270/L270) -> 0 | O270: 36 | P270: 0 | Q270: =IF(O270="","",P270/O270) -> 0 | R270: =SUM(F270,I270,L270,O270) -> 451 | S270: =SUM(G270,J270,M270,P270) -> 0 | T270: =IF(R270=0,"",S270/R270) -> 0
A271: mob_todayhumor.co.kr_banner_3_N_v2 | B271: 320_50 | C271: mob | D271: todayhumor.co.kr | E271: =COUNT(F271,I271,L271,O271) -> 4 | F271: 169 | G271: 0 | H271: =IF(F271="","",G271/F271) -> 0 | I271: 132 | J271: 0 | K271: =IF(I271="","",J271/I271) -> 0 | L271: 110 | M271: 0 | N271: =IF(L271="","",M271/L271) -> 0 | O271: 26 | P271: 0 | Q271: =IF(O271="","",P271/O271) -> 0 | R271: =SUM(F271,I271,L271,O271) -> 437 | S271: =SUM(G271,J271,M271,P271) -> 0 | T271: =IF(R271=0,"",S271/R271) -> 0
A272: web_dvdprime.com_banner_3_N_v2 | B272: 728_90 | C272: web | D272: dvdprime.com | E272: =COUNT(F272,I272,L272,O272) -> 4 | F272: 164 | G272: 0 | H272: =IF(F272="","",G272/F272) -> 0 | I272: 121 | J272: 0 | K272: =IF(I272="","",J272/I272) -> 0 | L272: 131 | M272: 0 | N272: =IF(L272="","",M272/L272) -> 0 | O272: 21 | P272: 0 | Q272: =IF(O272="","",P272/O272) -> 0 | R272: =SUM(F272,I272,L272,O272) -> 437 | S272: =SUM(G272,J272,M272,P272) -> 0 | T272: =IF(R272=0,"",S272/R272) -> 0
... A337: web_cafe.daum.net_banner_1_N_v2 | B337: 300_250 | C337: web | D337: cafe.daum.net | E337: =COUNT(F337,I337,L337,O337) -> 4 | F337: 111 | G337: 0 | H337: =IF(F337="","",G337/F337) -> 0 | I337: 81 | J337: 0 | K337: =IF(I337="","",J337/I337) -> 0 | L337: 89 | M337: 0 | N337: =IF(L337="","",M337/L337) -> 0 | O337: 15 | P337: 0 | Q337: =IF(O337="","",P337/O337) -> 0 | R337: =SUM(F337,I337,L337,O337) -> 296 | S337: =SUM(G337,J337,M337,P337) -> 0 | T337: =IF(R337=0,"",S337/R337) -> 0
A338: web_myinstants.com_banner_1_N_v2 | B338: 300_600 | C338: web | D338: myinstants.com | E338: =COUNT(F338,I338,L338,O338) -> 3 | F338: 104 | G338: 0 | H338: =IF(F338="","",G338/F338) -> 0 | I338: 107 | J338: 0 | K338: =IF(I338="","",J338/I338) -> 0 | L338: 84 | M338: 0 | N338: =IF(L338="","",M338/L338) -> 0 | Q338: =IF(O338="","",P338/O338) | R338: =SUM(F338,I338,L338,O338) -> 295 | S338: =SUM(G338,J338,M338,P338) -> 0 | T338: =IF(R338=0,"",S338/R338) -> 0
A339: web_tenbizt.com_banner_1_N_v2 | B339: 160_600 | C339: web | D339: tenbizt.com | E339: =COUNT(F339,I339,L339,O339) -> 4 | F339: 101 | G339: 0 | H339: =IF(F339="","",G339/F339) -> 0 | I339: 69 | J339: 0 | K339: =IF(I339="","",J339/I339) -> 0 | L339: 98 | M339: 0 | N339: =IF(L339="","",M339/L339) -> 0 | O339: 23 | P339: 0 | Q339: =IF(O339="","",P339/O339) -> 0 | R339: =SUM(F339,I339,L339,O339) -> 291 | S339: =SUM(G339,J339,M339,P339) -> 0 | T339: =IF(R339=0,"",S339/R339) -> 0
A340: mob_nocutnews.co.kr_banner_0_N_v2 | B340: 300_250 | C340: mob | D340: nocutnews.co.kr | E340: =COUNT(F340,I340,L340,O340) -> 4 | F340: 105 | G340: 0 | H340: =IF(F340="","",G340/F340) -> 0 | I340: 84 | J340: 0 | K340: =IF(I340="","",J340/I340) -> 0 | L340: 85 | M340: 0 | N340: =IF(L340="","",M340/L340) -> 0 | O340: 13 | P340: 0 | Q340: =IF(O340="","",P340/O340) -> 0 | R340: =SUM(F340,I340,L340,O340) -> 287 | S340: =SUM(G340,J340,M340,P340) -> 0 | T340: =IF(R340=0,"",S340/R340) -> 0
A341: web_dvdprime.com_banner_1_N_v2 | B341: 728_90 | C341: web | D341: dvdprime.com | E341: =COUNT(F341,I341,L341,O341) -> 4 | F341: 109 | G341: 0 | H341: =IF(F341="","",G341/F341) -> 0 | I341: 87 | J341: 0 | K341: =IF(I341="","",J341/I341) -> 0 | L341: 80 | M341: 0 | N341: =IF(L341="","",M341/L341) -> 0 | O341: 9 | P341: 0 | Q341: =IF(O341="","",P341/O341) -> 0 | R341: =SUM(F341,I341,L341,O341) -> 285 | S341: =SUM(G341,J341,M341,P341) -> 0 | T341: =IF(R341=0,"",S341/R341) -> 0
A342: web_tenbizt.com_banner_3_N_v2 | B342: 250_250 | C342: web | D342: tenbizt.com | E342: =COUNT(F342,I342,L342,O342) -> 4 | F342: 107 | G342: 0 | H342: =IF(F342="","",G342/F342) -> 0 | I342: 71 | J342: 0 | K342: =IF(I342="","",J342/I342) -> 0 | L342: 83 | M342: 0 | N342: =IF(L342="","",M342/L342) -> 0 | O342: 24 | P342: 0 | Q342: =IF(O342="","",P342/O342) -> 0 | R342: =SUM(F342,I342,L342,O342) -> 285 | S342: =SUM(G342,J342,M342,P342) -> 0 | T342: =IF(R342=0,"",S342/R342) -> 0
A343: web_theqoo.net_banner_1_N_v2 | B343: 336_280 | C343: web | D343: theqoo.net | E343: =COUNT(F343,I343,L343,O343) -> 4 | F343: 98 | G343: 0 | H343: =IF(F343="","",G343/F343) -> 0 | I343: 76 | J343: 0 | K343: =IF(I343="","",J343/I343) -> 0 | L343: 82 | M343: 0 | N343: =IF(L343="","",M343/L343) -> 0 | O343: 28 | P343: 0 | Q343: =IF(O343="","",P343/O343) -> 0 | R343: =SUM(F343,I343,L343,O343) -> 284 | S343: =SUM(G343,J343,M343,P343) -> 0 | T343: =IF(R343=0,"",S343/R343) -> 0
A344: web_khan.co.kr_banner_0_N_v2 | B344: 300_600 | C344: web | D344: khan.co.kr | E344: =COUNT(F344,I344,L344,O344) -> 4 | F344: 107 | G344: 0 | H344: =IF(F344="","",G344/F344) -> 0 | I344: 86 | J344: 0 | K344: =IF(I344="","",J344/I344) -> 0 | L344: 75 | M344: 0 | N344: =IF(L344="","",M344/L344) -> 0 | O344: 14 | P344: 0 | Q344: =IF(O344="","",P344/O344) -> 0 | R344: =SUM(F344,I344,L344,O344) -> 282 | S344: =SUM(G344,J344,M344,P344) -> 0 | T344: =IF(R344=0,"",S344/R344) -> 0
A345: web_bizwatch.co.kr_banner_0_N_v2 | B345: 300_250 | C345: web | D345: bizwatch.co.kr | E345: =COUNT(F345,I345,L345,O345) -> 4 | F345: 108 | G345: 0 | H345: =IF(F345="","",G345/F345) -> 0 | I345: 73 | J345: 0 | K345: =IF(I345="","",J345/I345) -> 0 | L345: 79 | M345: 0 | N345: =IF(L345="","",M345/L345) -> 0 | O345: 20 | P345: 0 | Q345: =IF(O345="","",P345/O345) -> 0 | R345: =SUM(F345,I345,L345,O345) -> 280 | S345: =SUM(G345,J345,M345,P345) -> 0 | T345: =IF(R345=0,"",S345/R345) -> 0
A346: web_itssa.co.kr_banner_1_N_v2 | B346: 120_600 | C346: web | D346: itssa.co.kr | E346: =COUNT(F346,I346,L346,O346) -> 4 | F346: 90 | G346: 0 | H346: =IF(F346="","",G346/F346) -> 0 | I346: 88 | J346: 0 | K346: =IF(I346="","",J346/I346) -> 0 | L346: 81 | M346: 0 | N346: =IF(L346="","",M346/L346) -> 0 | O346: 20 | P346: 0 | Q346: =IF(O346="","",P346/O346) -> 0 | R346: =SUM(F346,I346,L346,O346) -> 279 | S346: =SUM(G346,J346,M346,P346) -> 0 | T346: =IF(R346=0,"",S346/R346) -> 0
A347: web_kr.investing.com_banner_1_N_v2 | B347: 970_250 | C347: web | D347: kr.investing.com | E347: =COUNT(F347,I347,L347,O347) -> 4 | F347: 94 | G347: 0 | H347: =IF(F347="","",G347/F347) -> 0 | I347: 81 | J347: 0 | K347: =IF(I347="","",J347/I347) -> 0 | L347: 74 | M347: 0 | N347: =IF(L347="","",M347/L347) -> 0 | O347: 28 | P347: 0 | Q347: =IF(O347="","",P347/O347) -> 0 | R347: =SUM(F347,I347,L347,O347) -> 277 | S347: =SUM(G347,J347,M347,P347) -> 0 | T347: =IF(R347=0,"",S347/R347) -> 0
A348: mob_supple.kr_banner_1_N_v2 | B348: 300_100 | C348: mob | D348: supple.kr | E348: =COUNT(F348,I348,L348,O348) -> 1 | H348: =IF(F348="","",G348/F348) | K348: =IF(I348="","",J348/I348) | N348: =IF(L348="","",M348/L348) | O348: 275 | P348: 0 | Q348: =IF(O348="","",P348/O348) -> 0 | R348: =SUM(F348,I348,L348,O348) -> 275 | S348: =SUM(G348,J348,M348,P348) -> 0 | T348: =IF(R348=0,"",S348/R348) -> 0
A349: mob_wisetoto.com_banner_3_N_v2 | B349: 728_90 | C349: mob | D349: wisetoto.com | E349: =COUNT(F349,I349,L349,O349) -> 4 | F349: 81 | G349: 0 | H349: =IF(F349="","",G349/F349) -> 0 | I349: 96 | J349: 0 | K349: =IF(I349="","",J349/I349) -> 0 | L349: 93 | M349: 0 | N349: =IF(L349="","",M349/L349) -> 0 | O349: 4 | P349: 0 | Q349: =IF(O349="","",P349/O349) -> 0 | R349: =SUM(F349,I349,L349,O349) -> 274 | S349: =SUM(G349,J349,M349,P349) -> 0 | T349: =IF(R349=0,"",S349/R349) -> 0
A350: web_etnews.com_banner_0_N_v2 | B350: 320_50 | C350: web | D350: etnews.com | E350: =COUNT(F350,I350,L350,O350) -> 4 | F350: 109 | G350: 0 | H350: =IF(F350="","",G350/F350) -> 0 | I350: 71 | J350: 0 | K350: =IF(I350="","",J350/I350) -> 0 | L350: 84 | M350: 0 | N350: =IF(L350="","",M350/L350) -> 0 | O350: 10 | P350: 0 | Q350: =IF(O350="","",P350/O350) -> 0 | R350: =SUM(F350,I350,L350,O350) -> 274 | S350: =SUM(G350,J350,M350,P350) -> 0 | T350: =IF(R350=0,"",S350/R350) -> 0
A351: web_news1.kr_banner_1_N_v2 | B351: 120_600 | C351: web | D351: news1.kr | E351: =COUNT(F351,I351,L351,O351) -> 4 | F351: 104 | G351: 0 | H351: =IF(F351="","",G351/F351) -> 0 | I351: 77 | J351: 0 | K351: =IF(I351="","",J351/I351) -> 0 | L351: 83 | M351: 0 | N351: =IF(L351="","",M351/L351) -> 0 | O351: 10 | P351: 0 | Q351: =IF(O351="","",P351/O351) -> 0 | R351: =SUM(F351,I351,L351,O351) -> 274 | S351: =SUM(G351,J351,M351,P351) -> 0 | T351: =IF(R351=0,"",S351/R351) -> 0
A352: web_theqoo.net_banner_3_N_v2 | B352: 336_280 | C352: web | D352: theqoo.net | E352: =COUNT(F352,I352,L352,O352) -> 4 | F352: 93 | G352: 0 | H352: =IF(F352="","",G352/F352) -> 0 | I352: 82 | J352: 1 | K352: =IF(I352="","",J352/I352) -> 0.012195122 | L352: 73 | M352: 0 | N352: =IF(L352="","",M352/L352) -> 0 | O352: 24 | P352: 0 | Q352: =IF(O352="","",P352/O352) -> 0 | R352: =SUM(F352,I352,L352,O352) -> 272 | S352: =SUM(G352,J352,M352,P352) -> 1 | T352: =IF(R352=0,"",S352/R352) -> 0.0036764706
A353: web_wisetoto.com_banner_1_N_v2 | B353: 200_200 | C353: web | D353: wisetoto.com | E353: =COUNT(F353,I353,L353,O353) -> 4 | F353: 91 | G353: 0 | H353: =IF(F353="","",G353/F353) -> 0 | I353: 89 | J353: 0 | K353: =IF(I353="","",J353/I353) -> 0 | L353: 76 | M353: 0 | N353: =IF(L353="","",M353/L353) -> 0 | O353: 16 | P353: 0 | Q353: =IF(O353="","",P353/O353) -> 0 | R353: =SUM(F353,I353,L353,O353) -> 272 | S353: =SUM(G353,J353,M353,P353) -> 0 | T353: =IF(R353=0,"",S353/R353) -> 0
A354: web_newspim.com_banner_3_N_v2 | B354: 120_600 | C354: web | D354: newspim.com | E354: =COUNT(F354,I354,L354,O354) -> 4 | F354: 101 | G354: 0 | H354: =IF(F354="","",G354/F354) -> 0 | I354: 84 | J354: 0 | K354: =IF(I354="","",J354/I354) -> 0 | L354: 64 | M354: 0 | N354: =IF(L354="","",M354/L354) -> 0 | O354: 21 | P354: 0 | Q354: =IF(O354="","",P354/O354) -> 0 | R354: =SUM(F354,I354,L354,O354) -> 270 | S354: =SUM(G354,J354,M354,P354) -> 0 | T354: =IF(R354=0,"",S354/R354) -> 0
A355: web_coinpan.com_banner_3_N_v2 | B355: 200_200 | C355: web | D355: coinpan.com | E355: =COUNT(F355,I355,L355,O355) -> 4 | F355: 113 | G355: 0 | H355: =IF(F355="","",G355/F355) -> 0 | I355: 75 | J355: 0 | K355: =IF(I355="","",J355/I355) -> 0 | L355: 75 | M355: 0 | N355: =IF(L355="","",M355/L355) -> 0 | O355: 6 | P355: 0 | Q355: =IF(O355="","",P355/O355) -> 0 | R355: =SUM(F355,I355,L355,O355) -> 269 | S355: =SUM(G355,J355,M355,P355) -> 0 | T355: =IF(R355=0,"",S355/R355) -> 0
A356: mob_yul-do.com_banner_3_N_v2 | B356: 300_250 | C356: mob | D356: yul-do.com | E356: =COUNT(F356,I356,L356,O356) -> 4 | F356: 104 | G356: 0 | H356: =IF(F356="","",G356/F356) -> 0 | I356: 73 | J356: 0 | K356: =IF(I356="","",J356/I356) -> 0 | L356: 66 | M356: 1 | N356: =IF(L356="","",M356/L356) -> 0.015151515 | O356: 24 | P356: 0 | Q356: =IF(O356="","",P356/O356) -> 0 | R356: =SUM(F356,I356,L356,O356) -> 267 | S356: =SUM(G356,J356,M356,P356) -> 1 | T356: =IF(R356=0,"",S356/R356) -> 0.0037453184
A357: web_programs.sbs.co.kr_banner_1_N_v2 | B357: 120_600 | C357: web | D357: programs.sbs.co.kr | E357: =COUNT(F357,I357,L357,O357) -> 4 | F357: 85 | G357: 0 | H357: =IF(F357="","",G357/F357) -> 0 | I357: 87 | J357: 0 | K357: =IF(I357="","",J357/I357) -> 0 | L357: 60 | M357: 0 | N357: =IF(L357="","",M357/L357) -> 0 | O357: 35 | P357: 0 | Q357: =IF(O357="","",P357/O357) -> 0 | R357: =SUM(F357,I357,L357,O357) -> 267 | S357: =SUM(G357,J357,M357,P357) -> 0 | T357: =IF(R357=0,"",S357/R357) -> 0
A358: web_maplescouter.com_banner_5_N_v2 | B358: 320_100 | C358: web | D358: maplescouter.com | E358: =COUNT(F358,I358,L358,O358) -> 4 | F358: 75 | G358: 0 | H358: =IF(F358="","",G358/F358) -> 0 | I358: 88 | J358: 0 | K358: =IF(I358="","",J358/I358) -> 0 | L358: 73 | M358: 0 | N358: =IF(L358="","",M358/L358) -> 0 | O358: 30 | P358: 0 | Q358: =IF(O358="","",P358/O358) -> 0 | R358: =SUM(F358,I358,L358,O358) -> 266 | S358: =SUM(G358,J358,M358,P358) -> 0 | T358: =IF(R358=0,"",S358/R358) -> 0
A359: web_nocutnews.co.kr_banner_1_N_v2 | B359: 728_90 | C359: web | D359: nocutnews.co.kr | E359: =COUNT(F359,I359,L359,O359) -> 4 | F359: 117 | G359: 0 | H359: =IF(F359="","",G359/F359) -> 0 | I359: 64 | J359: 0 | K359: =IF(I359="","",J359/I359) -> 0 | L359: 71 | M359: 1 | N359: =IF(L359="","",M359/L359) -> 0.014084507 | O359: 14 | P359: 0 | Q359: =IF(O359="","",P359/O359) -> 0 | R359: =SUM(F359,I359,L359,O359) -> 266 | S359: =SUM(G359,J359,M359,P359) -> 1 | T359: =IF(R359=0,"",S359/R359) -> 0.0037593985
A360: web_machugi.io_banner_1_N_v2 | B360: 160_600 | C360: web | D360: machugi.io | E360: =COUNT(F360,I360,L360,O360) -> 4 | F360: 105 | G360: 0 | H360: =IF(F360="","",G360/F360) -> 0 | I360: 74 | J360: 0 | K360: =IF(I360="","",J360/I360) -> 0 | L360: 65 | M360: 0 | N360: =IF(L360="","",M360/L360) -> 0 | O360: 19 | P360: 0 | Q360: =IF(O360="","",P360/O360) -> 0 | R360: =SUM(F360,I360,L360,O360) -> 263 | S360: =SUM(G360,J360,M360,P360) -> 0 | T360: =IF(R360=0,"",S360/R360) -> 0
... A429: web_coinpan.com_banner_1_N_v2 | B429: 320_50 | C429: web | D429: coinpan.com | E429: =COUNT(F429,I429,L429,O429) -> 4 | F429: 63 | G429: 0 | H429: =IF(F429="","",G429/F429) -> 0 | I429: 49 | J429: 0 | K429: =IF(I429="","",J429/I429) -> 0 | L429: 49 | M429: 0 | N429: =IF(L429="","",M429/L429) -> 0 | O429: 27 | P429: 0 | Q429: =IF(O429="","",P429/O429) -> 0 | R429: =SUM(F429,I429,L429,O429) -> 188 | S429: =SUM(G429,J429,M429,P429) -> 0 | T429: =IF(R429=0,"",S429/R429) -> 0
A430: web_coinpan.com_banner_1_N_v2 | B430: 468_60 | C430: web | D430: coinpan.com | E430: =COUNT(F430,I430,L430,O430) -> 2 | H430: =IF(F430="","",G430/F430) | K430: =IF(I430="","",J430/I430) | L430: 155 | M430: 0 | N430: =IF(L430="","",M430/L430) -> 0 | O430: 33 | P430: 0 | Q430: =IF(O430="","",P430/O430) -> 0 | R430: =SUM(F430,I430,L430,O430) -> 188 | S430: =SUM(G430,J430,M430,P430) -> 0 | T430: =IF(R430=0,"",S430/R430) -> 0
A431: mob_fishnet.co.kr_banner_4_N_v2 | B431: 320_100 | C431: mob | D431: fishnet.co.kr | E431: =COUNT(F431,I431,L431,O431) -> 4 | F431: 70 | G431: 0 | H431: =IF(F431="","",G431/F431) -> 0 | I431: 61 | J431: 0 | K431: =IF(I431="","",J431/I431) -> 0 | L431: 52 | M431: 0 | N431: =IF(L431="","",M431/L431) -> 0 | O431: 4 | P431: 0 | Q431: =IF(O431="","",P431/O431) -> 0 | R431: =SUM(F431,I431,L431,O431) -> 187 | S431: =SUM(G431,J431,M431,P431) -> 0 | T431: =IF(R431=0,"",S431/R431) -> 0
A432: web_wowtv.co.kr_banner_1_N_v2 | B432: 320_50 | C432: web | D432: wowtv.co.kr | E432: =COUNT(F432,I432,L432,O432) -> 4 | F432: 75 | G432: 0 | H432: =IF(F432="","",G432/F432) -> 0 | I432: 53 | J432: 0 | K432: =IF(I432="","",J432/I432) -> 0 | L432: 47 | M432: 0 | N432: =IF(L432="","",M432/L432) -> 0 | O432: 12 | P432: 0 | Q432: =IF(O432="","",P432/O432) -> 0 | R432: =SUM(F432,I432,L432,O432) -> 187 | S432: =SUM(G432,J432,M432,P432) -> 0 | T432: =IF(R432=0,"",S432/R432) -> 0
A433: mob_todayhumor.co.kr_banner_1_N_v2 | B433: 320_100 | C433: mob | D433: todayhumor.co.kr | E433: =COUNT(F433,I433,L433,O433) -> 4 | F433: 77 | G433: 0 | H433: =IF(F433="","",G433/F433) -> 0 | I433: 48 | J433: 1 | K433: =IF(I433="","",J433/I433) -> 0.020833333 | L433: 46 | M433: 0 | N433: =IF(L433="","",M433/L433) -> 0 | O433: 15 | P433: 0 | Q433: =IF(O433="","",P433/O433) -> 0 | R433: =SUM(F433,I433,L433,O433) -> 186 | S433: =SUM(G433,J433,M433,P433) -> 1 | T433: =IF(R433=0,"",S433/R433) -> 0.0053763441
A434: web_wowtv.co.kr_banner_3_N_v2 | B434: 320_50 | C434: web | D434: wowtv.co.kr | E434: =COUNT(F434,I434,L434,O434) -> 4 | F434: 64 | G434: 0 | H434: =IF(F434="","",G434/F434) -> 0 | I434: 55 | J434: 0 | K434: =IF(I434="","",J434/I434) -> 0 | L434: 54 | M434: 0 | N434: =IF(L434="","",M434/L434) -> 0 | O434: 12 | P434: 0 | Q434: =IF(O434="","",P434/O434) -> 0 | R434: =SUM(F434,I434,L434,O434) -> 185 | S434: =SUM(G434,J434,M434,P434) -> 0 | T434: =IF(R434=0,"",S434/R434) -> 0
A435: web_82cook.com_banner_3_N_v2 | B435: 728_90 | C435: web | D435: 82cook.com | E435: =COUNT(F435,I435,L435,O435) -> 4 | F435: 61 | G435: 0 | H435: =IF(F435="","",G435/F435) -> 0 | I435: 58 | J435: 0 | K435: =IF(I435="","",J435/I435) -> 0 | L435: 46 | M435: 0 | N435: =IF(L435="","",M435/L435) -> 0 | O435: 19 | P435: 0 | Q435: =IF(O435="","",P435/O435) -> 0 | R435: =SUM(F435,I435,L435,O435) -> 184 | S435: =SUM(G435,J435,M435,P435) -> 0 | T435: =IF(R435=0,"",S435/R435) -> 0
A436: web_jejusori.net_banner_6_N_v2 | B436: 160_600 | C436: web | D436: jejusori.net | E436: =COUNT(F436,I436,L436,O436) -> 4 | F436: 87 | G436: 0 | H436: =IF(F436="","",G436/F436) -> 0 | I436: 50 | J436: 0 | K436: =IF(I436="","",J436/I436) -> 0 | L436: 42 | M436: 0 | N436: =IF(L436="","",M436/L436) -> 0 | O436: 5 | P436: 0 | Q436: =IF(O436="","",P436/O436) -> 0 | R436: =SUM(F436,I436,L436,O436) -> 184 | S436: =SUM(G436,J436,M436,P436) -> 0 | T436: =IF(R436=0,"",S436/R436) -> 0
A437: mob_badatime.com_banner_3_N_v2 | B437: 160_600 | C437: mob | D437: badatime.com | E437: =COUNT(F437,I437,L437,O437) -> 4 | F437: 64 | G437: 0 | H437: =IF(F437="","",G437/F437) -> 0 | I437: 59 | J437: 0 | K437: =IF(I437="","",J437/I437) -> 0 | L437: 50 | M437: 0 | N437: =IF(L437="","",M437/L437) -> 0 | O437: 10 | P437: 0 | Q437: =IF(O437="","",P437/O437) -> 0 | R437: =SUM(F437,I437,L437,O437) -> 183 | S437: =SUM(G437,J437,M437,P437) -> 0 | T437: =IF(R437=0,"",S437/R437) -> 0
A438: mob_corearoadbike.com_banner_1_N_v2 | B438: 300_50 | C438: mob | D438: corearoadbike.com | E438: =COUNT(F438,I438,L438,O438) -> 4 | F438: 67 | G438: 0 | H438: =IF(F438="","",G438/F438) -> 0 | I438: 48 | J438: 0 | K438: =IF(I438="","",J438/I438) -> 0 | L438: 56 | M438: 0 | N438: =IF(L438="","",M438/L438) -> 0 | O438: 12 | P438: 0 | Q438: =IF(O438="","",P438/O438) -> 0 | R438: =SUM(F438,I438,L438,O438) -> 183 | S438: =SUM(G438,J438,M438,P438) -> 0 | T438: =IF(R438=0,"",S438/R438) -> 0
A439: web_slrclub.com_banner_0_N_v2 | B439: 160_600 | C439: web | D439: slrclub.com | E439: =COUNT(F439,I439,L439,O439) -> 4 | F439: 67 | G439: 0 | H439: =IF(F439="","",G439/F439) -> 0 | I439: 47 | J439: 0 | K439: =IF(I439="","",J439/I439) -> 0 | L439: 48 | M439: 0 | N439: =IF(L439="","",M439/L439) -> 0 | O439: 20 | P439: 0 | Q439: =IF(O439="","",P439/O439) -> 0 | R439: =SUM(F439,I439,L439,O439) -> 182 | S439: =SUM(G439,J439,M439,P439) -> 0 | T439: =IF(R439=0,"",S439/R439) -> 0
A440: web_wisetoto.com_banner_1_N_v2 | B440: 300_600 | C440: web | D440: wisetoto.com | E440: =COUNT(F440,I440,L440,O440) -> 4 | F440: 75 | G440: 0 | H440: =IF(F440="","",G440/F440) -> 0 | I440: 45 | J440: 0 | K440: =IF(I440="","",J440/I440) -> 0 | L440: 36 | M440: 0 | N440: =IF(L440="","",M440/L440) -> 0 | O440: 25 | P440: 0 | Q440: =IF(O440="","",P440/O440) -> 0 | R440: =SUM(F440,I440,L440,O440) -> 181 | S440: =SUM(G440,J440,M440,P440) -> 0 | T440: =IF(R440=0,"",S440/R440) -> 0
A441: mob_mania.kr_banner_1_N_v2 | B441: 300_250 | C441: mob | D441: mania.kr | E441: =COUNT(F441,I441,L441,O441) -> 4 | F441: 59 | G441: 0 | H441: =IF(F441="","",G441/F441) -> 0 | I441: 49 | J441: 0 | K441: =IF(I441="","",J441/I441) -> 0 | L441: 53 | M441: 1 | N441: =IF(L441="","",M441/L441) -> 0.018867925 | O441: 18 | P441: 1 | Q441: =IF(O441="","",P441/O441) -> 0.055555556 | R441: =SUM(F441,I441,L441,O441) -> 179 | S441: =SUM(G441,J441,M441,P441) -> 2 | T441: =IF(R441=0,"",S441/R441) -> 0.011173184
A442: web_hani.co.kr_banner_3_N_v2 | B442: 300_250 | C442: web | D442: hani.co.kr | E442: =COUNT(F442,I442,L442,O442) -> 4 | F442: 71 | G442: 0 | H442: =IF(F442="","",G442/F442) -> 0 | I442: 50 | J442: 0 | K442: =IF(I442="","",J442/I442) -> 0 | L442: 50 | M442: 0 | N442: =IF(L442="","",M442/L442) -> 0 | O442: 8 | P442: 0 | Q442: =IF(O442="","",P442/O442) -> 0 | R442: =SUM(F442,I442,L442,O442) -> 179 | S442: =SUM(G442,J442,M442,P442) -> 0 | T442: =IF(R442=0,"",S442/R442) -> 0
... A507: web_drspark.net_banner_3_N_v2 | B507: 300_250 | C507: web | D507: drspark.net | E507: =COUNT(F507,I507,L507,O507) -> 4 | F507: 84 | G507: 0 | H507: =IF(F507="","",G507/F507) -> 0 | I507: 29 | J507: 0 | K507: =IF(I507="","",J507/I507) -> 0 | L507: 17 | M507: 0 | N507: =IF(L507="","",M507/L507) -> 0 | O507: 9 | P507: 0 | Q507: =IF(O507="","",P507/O507) -> 0 | R507: =SUM(F507,I507,L507,O507) -> 139 | S507: =SUM(G507,J507,M507,P507) -> 0 | T507: =IF(R507=0,"",S507/R507) -> 0
A508: web_instiz.net_banner_1_N_v2 | B508: 468_60 | C508: web | D508: instiz.net | E508: =COUNT(F508,I508,L508,O508) -> 2 | H508: =IF(F508="","",G508/F508) | K508: =IF(I508="","",J508/I508) | L508: 118 | M508: 0 | N508: =IF(L508="","",M508/L508) -> 0 | O508: 21 | P508: 0 | Q508: =IF(O508="","",P508/O508) -> 0 | R508: =SUM(F508,I508,L508,O508) -> 139 | S508: =SUM(G508,J508,M508,P508) -> 0 | T508: =IF(R508=0,"",S508/R508) -> 0
A509: web_mt.co.kr_banner_0_N_v2 | B509: 300_250 | C509: web | D509: mt.co.kr | E509: =COUNT(F509,I509,L509,O509) -> 4 | F509: 56 | G509: 1 | H509: =IF(F509="","",G509/F509) -> 0.017857143 | I509: 36 | J509: 0 | K509: =IF(I509="","",J509/I509) -> 0 | L509: 42 | M509: 0 | N509: =IF(L509="","",M509/L509) -> 0 | O509: 5 | P509: 0 | Q509: =IF(O509="","",P509/O509) -> 0 | R509: =SUM(F509,I509,L509,O509) -> 139 | S509: =SUM(G509,J509,M509,P509) -> 1 | T509: =IF(R509=0,"",S509/R509) -> 0.0071942446
A510: web_bntnews.co.kr_banner_3_N_v2 | B510: 336_280 | C510: web | D510: bntnews.co.kr | E510: =COUNT(F510,I510,L510,O510) -> 4 | F510: 58 | G510: 0 | H510: =IF(F510="","",G510/F510) -> 0 | I510: 42 | J510: 0 | K510: =IF(I510="","",J510/I510) -> 0 | L510: 31 | M510: 0 | N510: =IF(L510="","",M510/L510) -> 0 | O510: 6 | P510: 0 | Q510: =IF(O510="","",P510/O510) -> 0 | R510: =SUM(F510,I510,L510,O510) -> 137 | S510: =SUM(G510,J510,M510,P510) -> 0 | T510: =IF(R510=0,"",S510/R510) -> 0
A511: web_khan.co.kr_banner_3_N_v2 | B511: 728_90 | C511: web | D511: khan.co.kr | E511: =COUNT(F511,I511,L511,O511) -> 4 | F511: 41 | G511: 0 | H511: =IF(F511="","",G511/F511) -> 0 | I511: 51 | J511: 0 | K511: =IF(I511="","",J511/I511) -> 0 | L511: 41 | M511: 0 | N511: =IF(L511="","",M511/L511) -> 0 | O511: 4 | P511: 0 | Q511: =IF(O511="","",P511/O511) -> 0 | R511: =SUM(F511,I511,L511,O511) -> 137 | S511: =SUM(G511,J511,M511,P511) -> 0 | T511: =IF(R511=0,"",S511/R511) -> 0
A512: web_yonhapnewstv.co.kr_banner_1_N_v2 | B512: 120_600 | C512: web | D512: yonhapnewstv.co.kr | E512: =COUNT(F512,I512,L512,O512) -> 4 | F512: 48 | G512: 0 | H512: =IF(F512="","",G512/F512) -> 0 | I512: 40 | J512: 0 | K512: =IF(I512="","",J512/I512) -> 0 | L512: 42 | M512: 0 | N512: =IF(L512="","",M512/L512) -> 0 | O512: 7 | P512: 0 | Q512: =IF(O512="","",P512/O512) -> 0 | R512: =SUM(F512,I512,L512,O512) -> 137 | S512: =SUM(G512,J512,M512,P512) -> 0 | T512: =IF(R512=0,"",S512/R512) -> 0
A513: mob_hankookilbo.com_banner_1_N_v2 | B513: 320_50 | C513: mob | D513: hankookilbo.com | E513: =COUNT(F513,I513,L513,O513) -> 4 | F513: 46 | G513: 0 | H513: =IF(F513="","",G513/F513) -> 0 | I513: 45 | J513: 0 | K513: =IF(I513="","",J513/I513) -> 0 | L513: 31 | M513: 0 | N513: =IF(L513="","",M513/L513) -> 0 | O513: 14 | P513: 0 | Q513: =IF(O513="","",P513/O513) -> 0 | R513: =SUM(F513,I513,L513,O513) -> 136 | S513: =SUM(G513,J513,M513,P513) -> 0 | T513: =IF(R513=0,"",S513/R513) -> 0
A514: web_bntnews.co.kr_banner_3_N_v2 | B514: 300_250 | C514: web | D514: bntnews.co.kr | E514: =COUNT(F514,I514,L514,O514) -> 4 | F514: 54 | G514: 0 | H514: =IF(F514="","",G514/F514) -> 0 | I514: 39 | J514: 0 | K514: =IF(I514="","",J514/I514) -> 0 | L514: 36 | M514: 0 | N514: =IF(L514="","",M514/L514) -> 0 | O514: 7 | P514: 0 | Q514: =IF(O514="","",P514/O514) -> 0 | R514: =SUM(F514,I514,L514,O514) -> 136 | S514: =SUM(G514,J514,M514,P514) -> 0 | T514: =IF(R514=0,"",S514/R514) -> 0
A515: web_deeplol.gg_banner_1_N_v2 | B515: 970_250 | C515: web | D515: deeplol.gg | E515: =COUNT(F515,I515,L515,O515) -> 4 | F515: 53 | G515: 0 | H515: =IF(F515="","",G515/F515) -> 0 | I515: 36 | J515: 0 | K515: =IF(I515="","",J515/I515) -> 0 | L515: 32 | M515: 0 | N515: =IF(L515="","",M515/L515) -> 0 | O515: 15 | P515: 0 | Q515: =IF(O515="","",P515/O515) -> 0 | R515: =SUM(F515,I515,L515,O515) -> 136 | S515: =SUM(G515,J515,M515,P515) -> 0 | T515: =IF(R515=0,"",S515/R515) -> 0
A516: web_biz.heraldcorp.com_banner_3_N_v2 | B516: 300_250 | C516: web | D516: biz.heraldcorp.com | E516: =COUNT(F516,I516,L516,O516) -> 4 | F516: 50 | G516: 1 | H516: =IF(F516="","",G516/F516) -> 0.02 | I516: 37 | J516: 0 | K516: =IF(I516="","",J516/I516) -> 0 | L516: 35 | M516: 0 | N516: =IF(L516="","",M516/L516) -> 0 | O516: 13 | P516: 0 | Q516: =IF(O516="","",P516/O516) -> 0 | R516: =SUM(F516,I516,L516,O516) -> 135 | S516: =SUM(G516,J516,M516,P516) -> 1 | T516: =IF(R516=0,"",S516/R516) -> 0.0074074074
...

Sheet 테마별요약
A1: 테마별 노출수 · 클릭수 · 클릭률 (2026-10-07)
A3: 1) 전체 (테마별 합계)
A4: 테마 | B4: 노출수 | C4: 클릭수 | D4: 클릭률 | E4: 지면 수(태그×사이즈)
A5: whiteRedNo | B5: =SUM(테마비교!F$3:F$2985) -> 566512 | C5: =SUM(테마비교!G$3:G$2985) -> 163 | D5: =IF(B5=0,"",C5/B5) -> 0.00028772559 | E5: =COUNT(테마비교!F$3:F$2985) -> 2428
A6: blackGoldNo | B6: =SUM(테마비교!I$3:I$2985) -> 456906 | C6: =SUM(테마비교!J$3:J$2985) -> 141 | D6: =IF(B6=0,"",C6/B6) -> 0.00030859739 | E6: =COUNT(테마비교!I$3:I$2985) -> 2277
A7: magazine | B7: =SUM(테마비교!L$3:L$2985) -> 459345 | C7: =SUM(테마비교!M$3:M$2985) -> 185 | D7: =IF(B7=0,"",C7/B7) -> 0.00040274739 | E7: =COUNT(테마비교!L$3:L$2985) -> 2317
A8: mcnal | B8: =SUM(테마비교!O$3:O$2985) -> 103525 | C8: =SUM(테마비교!P$3:P$2985) -> 24 | D8: =IF(B8=0,"",C8/B8) -> 0.00023182806 | E8: =COUNT(테마비교!O$3:O$2985) -> 1581
A9: 합계 | B9: =SUM(B5:B8) -> 1586288 | C9: =SUM(C5:C8) -> 513 | D9: =IF(B9=0,"",C9/B9) -> 0.00032339651
A11: 2) 같은 지면(태그×사이즈)에 4개 테마가 모두 노출된 경우만
A12: 테마 | B12: 노출수 | C12: 클릭수 | D12: 클릭률 | E12: 지면 수(태그×사이즈)
A13: whiteRedNo | B13: =SUMIFS(테마비교!F$3:F$2985,테마비교!$E$3:$E$2985,4) -> 562754 | C13: =SUMIFS(테마비교!G$3:G$2985,테마비교!$E$3:$E$2985,4) -> 162 | D13: =IF(B13=0,"",C13/B13) -> 0.00028787001 | E13: =COUNTIFS(테마비교!$E$3:$E$2985,4) -> 1358
A14: blackGoldNo | B14: =SUMIFS(테마비교!I$3:I$2985,테마비교!$E$3:$E$2985,4) -> 453941 | C14: =SUMIFS(테마비교!J$3:J$2985,테마비교!$E$3:$E$2985,4) -> 139 | D14: =IF(B14=0,"",C14/B14) -> 0.00030620719 | E14: =COUNTIFS(테마비교!$E$3:$E$2985,4) -> 1358
A15: magazine | B15: =SUMIFS(테마비교!L$3:L$2985,테마비교!$E$3:$E$2985,4) -> 453930 | C15: =SUMIFS(테마비교!M$3:M$2985,테마비교!$E$3:$E$2985,4) -> 184 | D15: =IF(B15=0,"",C15/B15) -> 0.00040534884 | E15: =COUNTIFS(테마비교!$E$3:$E$2985,4) -> 1358
A16: mcnal | B16: =SUMIFS(테마비교!O$3:O$2985,테마비교!$E$3:$E$2985,4) -> 102574 | C16: =SUMIFS(테마비교!P$3:P$2985,테마비교!$E$3:$E$2985,4) -> 24 | D16: =IF(B16=0,"",C16/B16) -> 0.00023397742 | E16: =COUNTIFS(테마비교!$E$3:$E$2985,4) -> 1358
A17: 합계 | B17: =SUM(B13:B16) -> 1573199 | C17: =SUM(C13:C16) -> 509 | D17: =IF(B17=0,"",C17/B17) -> 0.00032354457
A20: 메모
A21: · 원본: 1007.xlsx (2026-10-07). 같은 TAG ID + 사이즈를 한 행으로 묶고 테마별 노출수·클릭수를 옆으로 펼침.
A22: · 노출수·클릭수는 원본 값을 그대로 옮긴 것이고, 클릭률은 클릭수/노출수로 다시 계산(원본 H열은 % 단위 값).
A23: · 원본 I열(Y/N 구분)은 사용하지 않고 전 행을 집계함.
A24: · 노출이 몇 건뿐인 지면은 클릭 1건으로 클릭률이 크게 달라지므로 해석에 주의. 같은 지면끼리 비교하려면 2)번 표나 테마비교 시트의 "테마 수" 필터를 사용.
